"study";"n";"r";"pub";"type";"vr"
"Chandra et al. (2010)";1495;-0.03;0;"o";0.000668139765729585
"Chartrand et al. (2008)";169;0.04;0;"r";0.00593334857142857
"Flake et al. (2009)";101;0.03;0;"r";0.0099820081
"Jensen et al. (1988)";180;-0.01;0;"r";0.00558547491620112
"Jensen et al. (1996)";382;0.05;0;"r";0.00261156496062992
"Kelley (1994)";61;-0.05;0;"r";0.0165834375
"Kelley et al. (2001)";127;0.04;0;"r";0.00791113142857143
"Lester et al. (2010)";138;0.03;0;"r";0.00728613729927007
"Morris & Age (2009)";65;0.06;0;"r";0.0155127025
