"study";"n";"r";"pub";"type";"z";"zexp";"nnew";"znew";"znewexp";"disc";"disccat";"info";"ndisc";"vz";"newvz";"vr"
"Chandra et al. (2010)";1495;-0.03;0;"Outlier";-0.0300090048631265;-0.0300090048631265;1495;-0.030009005;-0.030009005;0;0;2;0;0.000670241286863271;0.000670241286863271;0.000668139765729585
"Chartrand et al. (2008)";169;0.04;0;"Random";0.0400213538367683;0.0400213538367683;169;0.042167837;0.042167837;0.002146483;0;0;0;0.00602409638554217;0.00602409638554217;0.00593334857142857
"Flake et al. (2009)";101;0.03;0;"Random";0.0300090048631265;0.0300090048631265;20266;0.004404324;0.004404324;-0.025604681;1;1;-20165;0.0102040816326531;4.93510339041603e-05;0.0099820081
"Jensen et al. (1988)";180;-0.01;0;"Random";-0.0100003333533348;-0.0100003333533348;180;-0.015911292;-0.015911292;-0.005910959;0;0;0;0.00564971751412429;0.00564971751412429;0.00558547491620112
"Jensen et al. (1996)";382;0.05;0;"Random";0.0500417292784913;0.0500417292784913;382;0.045729218;0.045729218;-0.004312511;0;0;0;0.00263852242744063;0.00263852242744063;0.00261156496062992
"Kelley (1994)";61;-0.05;0;"Random";-0.0500417292784913;-0.0500417292784913;61;-0.050041729;-0.050041729;0;0;2;0;0.0172413793103448;0.0172413793103448;0.0165834375
"Kelley et al. (2001)";127;0.04;0;"Random";0.0400213538367683;0.0400213538367683;127;0.095514325;0.095514325;0.055492971;1;3;0;0.00806451612903226;0.00806451612903226;0.00791113142857143
"Lester et al. (2010)";138;0.03;0;"Random";0.0300090048631265;0.0300090048631265;272;0.051586212;0.051586212;0.021577207;1;1;-134;0.00740740740740741;0.00371747211895911;0.00728613729927007
"Morris & Age (2009)";65;0.06;0;"Random";0.0600721559210317;0.0600721559210317;65;0.06288;0.06288;0.002807844;0;0;0;0.0161290322580645;0.0161290322580645;0.0155127025
