study;n;r;pub;type;z;zexp;nnew;znew;znewexp;disc;disccat;info;ndisc;vz;newvz
Chandra et al. (2010);1495;-0.03;0;Outlier;-0.030009005;-0.030009005;1495;-0.030009005;-0.030009005;0;0;2;0;0.000670241;
Chartrand et al. (2008);169;0.04;0;Random;0.040021354;0.040021354;169;0.042167837;0.042167837;0.002146483;0;0;0;0.006024096;
Flake et al. (2009);101;0.03;0;Random;0.030009005;0.030009005;20266;0.004404324;0.004404324;-0.025604681;1;1;-20165;0.010204082;
Jensen et al. (1988);180;-0.01;0;Random;-0.010000333;-0.010000333;180;-0.015911292;-0.015911292;-0.005910959;0;0;0;0.005649718;
Jensen et al. (1996);382;0.05;0;Random;0.050041729;0.050041729;382;0.045729218;0.045729218;-0.004312511;0;0;0;0.002638522;
Kelley (1994);61;-0.05;0;Random;-0.050041729;-0.050041729;61;-0.050041729;-0.050041729;0.00E+00;0;2;0;0.017241379;
Kelley et al. (2001);127;0.04;0;Random;0.040021354;0.040021354;127;0.095514325;0.095514325;0.055492971;1;3;0;0.008064516;
Lester et al. (2010);138;0.03;0;Random;0.030009005;0.030009005;272;0.051586212;0.051586212;0.021577207;1;1;-134;0.007407407;
Morris & Age (2009);65;0.06;0;Random;0.060072156;0.060072156;65;0.06288;0.06288;0.002807844;0;0;0;0.016129032;
