"study";"nc";"nt";"n";"r";"pub";"type";"ncnew";"ntnew";"nnew";"effest.exp";"effestnew.exp";"disccat.eff";"info";"vr.o";"vr.c"
"Chandra et al. (2010)";NA;NA;1495;-0.03;0;"o";NA;NA;1495;-0.03;-0.03;0;2;0.000668139765729585;0.000668139765729585
"Chartrand et al. (2008)";NA;NA;169;0.04;0;"r";"114";"55";169;0.04;0.042143324;0;0;0.00593334857142857;0.0059312561599567
"Flake et al. (2009)";NA;NA;101;0.03;0;"r";"20165";"101";20266;0.03;0.004404296;1;1;0.0099820081;0.0000493442489380589
"Jensen et al. (1988)";NA;NA;180;-0.01;0;"r";NA;NA;180;-0.01;-0.015909043;0;0;0.00558547491620112;0.00558376462994452
"Jensen et al. (1996)";NA;NA;382;0.05;0;"r";"255";"127";382;0.05;0.045697369;0;0;0.00261156496062992;0.00261372142183483
"Kelley (1994)";NA;NA;61;-0.05;0;"r";NA;NA;61;-0.05;-0.05;0;2;0.0165834375;0.0165834375
"Kelley et al. (2001)";NA;NA;127;0.04;0;"r";"75";"52";127;0.04;0.095937944;1;3;0.00791113142857143;0.00779108362744641
"Lester et al. (2010)";NA;NA;138;0.03;0;"r";"104 / 83";"45 / 40";272;0.03;0.050302033;0;0;0.00728613729927007;0.00367138676510152
"Morris & Age (2009)";NA;NA;65;0.06;0;"r";"29";"36";65;0.06;0.062797806;0;0;0.0155127025;0.0155020066066196
