study;n;r;pub;type;vr;effest;effest.exp;effestnew.exp;effestnew
Chandra et al. (2010);1495;-0.03;0;o;0.00066814;-0.03;-0.03;-0.03;-0.03
Chartrand et al. (2008);169;0.04;0;r;0.005933349;0.04;0.04;0.042143324;0.042143324
Flake et al. (2009);101;0.03;0;r;0.009982008;0.03;0.03;0.004404296;0.004404296
Jensen et al. (1988);180;-0.01;0;r;0.005585475;-0.01;-0.01;-0.015909043;-0.015909043
Jensen et al. (1996);382;0.05;0;r;0.002611565;0.05;0.05;0.045697369;0.045697369
Kelley (1994);61;-0.05;0;r;0.016583438;-0.05;-0.05;-0.05;-0.05
Kelley et al. (2001);127;0.04;0;r;0.007911131;0.04;0.04;0.095937944;0.095937944
Lester et al. (2010);138;0.03;0;r;0.007286137;0.03;0.03;0.050302033;0.050302033
Morris & Age (2009);65;0.06;0;r;0.015512703;0.06;0.06;0.062797806;0.062797806
