"study";"n";"r";"pub";"type";"vr"
"Buckley et al.";71;0.06;0;"o";0.0141830422857143
"Fretz";17;0.25;0;"r";0.054931640625
"Garfield & Bergin";38;-0.26;0;"o";0.02349648
"Hansen et al.";70;0.69;0;"o";0.00397784362318841
"Jones & Zoppel";99;-0.02;0;"o";0.01019592
"Maramarosh et al.";31;0.41;0;"r";0.023068587
"Melnick & Pierce";18;0.42;0;"r";0.0399009976470588
"Ritter et al.";37;0.21;0;"r";0.0253818002777778
"Staples et al.";17;0.16;0;"r";0.05934096
"Truax (1966)";63;0.38;0;"r";0.01180728
