study;n;z;pub;type;zexp;nnew;znew;znewexp;disc;disccat;info;ndisc;vz;newvz
Aram (2005);41;0.18;0;Random;0.18;41;0.181982689;0.181982689;0.001982689;0;0;0;0.026315789;
Davidse et al. (2010);118;0.21;0;Random;0.21;181;0.213171347;0.213171347;0.003171347;0;0;-63;0.008695652;
Senechal et al. (1996) study 1;117;0.44;0;Outlier;0.44;117;0.435611223;0.435611223;-0.004388777;0;0;0;0.00877193;
Senechal et al. (1996) study 2;47;0.32;0;Random;0.32;47;0.309519604;0.309519604;-0.010480396;0;0;0;0.022727273;
Senechal et al. (1998);110;0.25;0;Random;0.25;110;0.258971546;0.258971546;0.008971546;0;0;0;0.009345794;
Senechal et al. (2000);80;0.09;0;Random;0.09;80;0.090244188;0.090244188;0.000244188;0;0;0;0.012987013;
Senechal et al. (2008);106;0.29;0;Random;0.29;106;0.280462773;0.280462773;-0.009537227;0;0;0;0.009708738;
Symons et al. (1996);39;0.38;0;Random;0.38;39;0.376885901;0.376885901;-0.003114099;0;0;0;0.027777778;
