study;n;z;pub;type;vz;effest;effest.exp;effestnew.exp;effestnew
Aram (2005);41;0.18;0;r;0.026315789;0.18;0.18;0.181982689;0.181982689
Davidse et al. (2010);118;0.21;0;r;0.008695652;0.21;0.21;0.213171347;0.213171347
Senechal et al. (1996) study 1;117;0.44;0;o;0.00877193;0.44;0.44;0.435611223;0.435611223
Senechal et al. (1996) study 2;47;0.32;0;r;0.022727273;0.32;0.32;0.309519604;0.309519604
Senechal et al. (1998);110;0.25;0;r;0.009345794;0.25;0.25;0.258971546;0.258971546
Senechal et al. (2000);80;0.09;0;r;0.012987013;0.09;0.09;0.090244188;0.090244188
Senechal et al. (2008);106;0.29;0;r;0.009708738;0.29;0.29;0.280462773;0.280462773
Symons et al. (1996);39;0.38;0;r;0.027777778;0.38;0.38;0.376885901;0.376885901
