"study";"nc";"nt";"n";"z";"pub";"type";"ncnew";"ntnew";"nnew";"effest.exp";"effestnew.exp";"disccat.eff";"info";"vz.o";"vz.c"
"Aram (2005)";NA;NA;41;0.18;0;"r";NA;NA;41;0.18;0.181982689;0;0;0.0263157894736842;0.0263157894736842
"Davidse et al. (2010)";NA;NA;118;0.21;0;"r";NA;NA;181;0.21;0.213171347;0;0;0.00869565217391304;0.00561797752808989
"Senechal et al. (1996) study 1";NA;NA;117;0.44;0;"o";NA;NA;117;0.44;0.435611223;0;0;0.0087719298245614;0.0087719298245614
"Senechal et al. (1996) study 2";NA;NA;47;0.32;0;"r";NA;NA;47;0.32;0.309519604;0;0;0.0227272727272727;0.0227272727272727
"Senechal et al. (1998)";NA;NA;110;0.25;0;"r";NA;NA;110;0.25;0.258971546;0;0;0.00934579439252336;0.00934579439252336
"Senechal et al. (2000)";NA;NA;80;0.09;0;"r";NA;NA;80;0.09;0.090244188;0;0;0.012987012987013;0.012987012987013
"Senechal et al. (2008)";NA;NA;106;0.29;0;"r";NA;NA;106;0.29;0.280462773;0;0;0.00970873786407767;0.00970873786407767
"Symons et al. (1996)";NA;NA;39;0.38;0;"r";NA;NA;39;0.38;0.376885901;0;0;0.0277777777777778;0.0277777777777778
