"study";"nc";"nt";"n";"d";"pub";"type";"ncnew";"ntnew";"nnew";"effest.exp";"effestnew.exp";"disccat.eff";"info";"vd.o";"vd.c"
"Beck-Sander et al.";NA;NA;10;0.31;0;"r";10;10;10;0.31;0.253609997;1;1;0.399923134773497;0.39994855219358
"Condelli et al.";NA;NA;49;1.14;0;"r";49;49;49;1.14;1.14;0;2;0.081630849604295;0.081630849604295
"Hodel and West";NA;NA;13;0.89;0;"r";13;13;13;0.89;0.89;0;2;0.307470598578849;0.307470598578849
"Lamberti";NA;NA;44;1.24;0;"r";41;41;41;1.24;1.24;0;2;0.0909058091479117;0.0975566227111307
"Lovell et al.";NA;NA;150;0.67;0;"r";150;150;150;0.67;0.669929317;0;3;0.0266666595729402;0.0266666595744368
"Nelson et al.";NA;NA;16;0.75;0;"r";16;16;16;0.75;0.75;0;0;0.249931354303322;0.249931354303322
"Valentine";NA;NA;56;0.78;0;"r";56;56;56;0.78;0.78;0;2;0.0714280765210259;0.0714280765210259
"Wilson ";NA;NA;5;1.4;0;"r";5;5;5;1.4;1.4;0;2;0.775674837108284;0.775674837108284
"Zlotnick et al.";NA;NA;17;1.74;0;"r";9;9;18;1.74;1.74;0;2;0.235004478095712;0.221991734507752
