study;n;d;pub;type;vd;effest;effest.exp;effestnew.exp;effestnew
Beck-Sander et al.;10;0.31;0;r;0.399923135;0.31;0.31;0.253609997;0.253609997
Condelli et al.;49;1.14;0;r;0.08163085;1.14;1.14;1.14;1.14
Hodel and West;13;0.89;0;r;0.307470599;0.89;0.89;0.89;0.89
Lamberti;44;1.24;0;r;0.090905809;1.24;1.24;1.24;1.24
Lovell et al.;150;0.67;0;r;0.02666666;0.67;0.67;0.669929317;0.669929317
Nelson et al.;16;0.75;0;r;0.249931354;0.75;0.75;0.75;0.75
Valentine;56;0.78;0;r;0.071428077;0.78;0.78;0.78;0.78
Wilson ;5;1.4;0;r;0.775674837;1.4;1.4;1.4;1.4
Zlotnick et al.;17;1.74;0;r;0.235004478;1.74;1.74;1.74;1.74
