"study";"n";"d";"pub";"type";"vd"
"Beck-Sander et al.";10;0.31;0;"r";0.399923134773497
"Condelli et al.";49;1.14;0;"r";0.081630849604295
"Hodel and West";13;0.89;0;"r";0.307470598578849
"Lamberti";44;1.24;0;"r";0.0909058091479117
"Lovell et al.";150;0.67;0;"r";0.0266666595729402
"Nelson et al.";16;0.75;0;"r";0.249931354303322
"Valentine";56;0.78;0;"r";0.0714280765210259
"Wilson ";5;1.4;0;"r";0.775674837108284
"Zlotnick et al.";17;1.74;0;"r";0.235004478095712
