"study";"n";"g";"pub";"type";"d";"r";"z";"zexp";"nnew";"znew";"znewexp";"disc";"disccat";"info";"ndisc";"vz";"newvz"
"Branstrom et al. (2010, 2011)";71;0.26;0;"Random";0.262867647;0.130313074;0.131058319;0.131058319;60;0.131724697;0.131724697;0.000666378;0;0;11;0.014705882;0.0175438596491228
"Foley et al. (2010)";115;0.64;0;"Random";0.644285714;0.30662533;0.316816253;0.316816253;107;0.319539575;0.319539575;0.002723322;0;0;8;0.008928571;0.00961538461538462
"Hoffman et al. (2012)";214;0.39;0;"Random";0.391386256;0.192050316;0.194465137;0.194465137;214;0.156595645;0.156595645;-0.037869492;1;1;0;0.004739336;0.004739336492891
"Johns et al. (2012)";35;0.3;0;"Random";0.30703125;0.151738029;0.152918946;0.152918946;35;0.438337526;0.438337526;0.28541858;3;1;0;0.03125;0.03125
"Lengacher et al. (2009)";82;0.57;0;"Random";0.575411392;0.276490006;0.283877524;0.283877524;82;0.287147431;0.287147431;0.003269907;0;0;0;0.012658228;0.0126582278481013
"Lerman et al. (2011)";68;0.2;0;"Random";0.202307692;0.100640276;0.100982133;0.100982133;68;0.100982133;0.100982133;0;0;2;0;0.015384615;0.0153846153846154
"Speca et al. (2000)";90;0.42;0;"Random";0.42362069;0.207213174;0.210257727;0.210257727;90;0.207457448;0.207457448;-0.002800279;0;0;0;0.011494253;0.0114942528735632
"Wurtzen et al. (2012)";267;0.22;0;"Random";0.220625;0.109647376;0.110089987;0.110089987;258;0.110089987;0.110089987;0;0;2;9;0.003787879;0.00392156862745098
