"study";"a1";"a2";"a3";"a4";"a5";"a6";"a7";"yop";"n";"g";"perfemale";"age";"jadad";"d";"r";"z";"zexp";"nnew";"znew";"znewexp";"vz";"newvz";"vd"
"Brainstrom et al.";"Branstrom";"Kvillemo";"Brandberg";"Moskowitz";"";"";"";2010;71;0.26;99;52;2;0.262867647;0.130313073575001;0.131058318696482;0.131058318696482;60;0.131724697;0.131724697;0.0147058823529412;0.0175438596491228;0.0568246436608403
"Foley et al.";"Foley";"Baillie";"Huxter";"Price";"Sinclair";"";"";2010;115;0.64;77;55;4;0.644285714;0.30662533001993;0.31681625300678;0.31681625300678;107;0.319539575;0.319539575;0.00892857142857143;0.00961538461538462;0.036587409048976
"Hoffman et al.";"Hoffman";"Ersser";"Hopkinson";"Nicholls";"";"";"";2012;214;0.39;100;49;4;0.391386256;0.192050316159144;0.194465137084711;0.194465137084711;214;0.156595645;0.156595645;0.004739336492891;0.004739336492891;0.0190494934611815
"Johns et al.";"Johns";"Brown";"Beck-Coon";"Monahan";"Kroenke";"";"";2012;35;0.3;94;57;4;0.30703125;0.151738028551614;0.152918946472985;0.152918946472985;35;0.438337526;0.438337526;0.03125;0.03125;0.115632402692522
"Kingston et al.";"Kingston";"Collier";"Hevey";"McCormick";"Besani";"Coobey";"Odwyer";2012;13;0.89;63;50;2;0.95675;0.431539286110569;0.461786681115948;0.461786681115948;13;0.461786681;0.461786681;0.1;0.1;0.342898867788462
"Lengacher et al.";"Lengacher";"Johnson-Mallard";"Barta";"Fitzgerald";"Moscoso";"Post-White";"Kip";2009;82;0.57;100;58;3;0.575411392;0.276490005372743;0.283877523344413;0.283877523344413;82;0.287147431;0.287147431;0.0126582278481013;0.0126582278481013;0.0507993796953864
"Lerman et al.";"Lerman";"Jarski";"Rea";"Gellish";"Vicini";"";"";2011;68;0.2;100;57;1;0.202307692;0.100640275671791;0.100982132754454;0.100982132754454;68;0.100982133;0.100982133;0.0153846153846154;0.0153846153846154;0.0591244735458998
"Speca et al.";"Speca";"Carlson";"Goodey";"Angen";"";"";"";2000;90;0.42;81;51;3;0.42362069;0.207213173966835;0.210257727178376;0.210257727178376;90;0.207457448;0.207457448;0.0114942528735632;0.0114942528735632;0.045441413827756
"Wurtzen et al.";"Wurtzen";"Dalton";"Steding-Jensen";"Elsass";"Flyger";"Pedersen";"Johansen";2012;267;0.22;100;54;3;0.220625;0.109647376220336;0.110089987001895;0.110089987001895;258;0.110089987;0.110089987;0.00378787878787879;0.00392156862745098;0.0150724258251404
