"study";"nc";"nt";"n";"g";"pub";"type";"ncnew";"ntnew";"nnew";"effest.exp";"effestnew.exp";"disccat.eff";"info";"d.c";"d.o";"vd.o";"vd.c";"vg.o";"vg.c"
"Branstrom et al. (2010, 2011)";NA;NA;71;0.26;0;"r";35;25;60;0.26;0.2644798;0;0;0.267959797368421;0.262867647058824;0.0563380064154361;0.0666666240127434;0.055115518236557;0.06494626754893
"Foley et al. (2010)";NA;NA;115;0.64;0;"r";54;53;107;0.64;0.645384568;0;0;0.650038783634615;0.644285714285714;0.0347825897086941;0.0373831522356373;0.0343213892011039;0.0368497490518421
"Hoffman et al. (2012)";NA;NA;214;0.39;0;"r";111;103;214;0.39;0.313578238;1;1;0.314692852590047;0.391386255924171;0.0186915882007331;0.0186915882007331;0.0185594147446678;0.0185594147446678
"Johns et al. (2012)";NA;NA;35;0.3;0;"r";17;18;35;0.3;0.953425026;3;1;0.975770925046875;0.30703125;0.11428521173365;0.11428521173365;0.109110710858582;0.109110710858582
"Lengacher et al. (2009)";NA;NA;82;0.57;0;"r";42;40;82;0.57;0.577321519;0;0;0.582802419496835;0.575411392405063;0.0487804292192664;0.0487804292192664;0.0478672432476005;0.0478672432476005
"Lerman et al. (2011)";NA;NA;68;0.2;0;"r";20;48;68;0.2;0.2;0;2;0.202307692307692;0.202307692307692;0.0588235140981042;0.0588235140981042;0.057489186673681;0.057489186673681
"Speca et al. (2000)";NA;NA;90;0.42;0;"r";37;53;90;0.42;0.423734719;0;0;0.427387604508621;0.423620689655172;0.044444422563097;0.044444422563097;0.0436879355693647;0.0436879355693647
"Wurtzen et al. (2012)";NA;NA;267;0.22;0;"r";138;120;258;0.22;0.22;0;2;0.220647058823529;0.220625;0.0149812733316175;0.0155038758811061;0.014896513822282;0.0154130773888757
