study;n;g;pub;type;d;vd;vg;effest;effest.exp;effestnew.exp;effestnew
Branstrom et al. (2010, 2011);71;0.26;0;r;0.262867647;0.056338006;0.055115518;0.26;0.26;0.2644798;0.2644798
Foley et al. (2010);115;0.64;0;r;0.644285714;0.03478259;0.034321389;0.64;0.64;0.645384568;0.645384568
Hoffman et al. (2012);214;0.39;0;r;0.391386256;0.018691588;0.018559415;0.39;0.39;0.313578238;0.313578238
Johns et al. (2012);35;0.3;0;r;0.30703125;0.114285212;0.109110711;0.3;0.3;0.953425026;0.953425026
Lengacher et al. (2009);82;0.57;0;r;0.575411392;0.048780429;0.047867243;0.57;0.57;0.577321519;0.577321519
Lerman et al. (2011);68;0.2;0;r;0.202307692;0.058823514;0.057489187;0.2;0.2;0.2;0.2
Speca et al. (2000);90;0.42;0;r;0.42362069;0.044444423;0.043687936;0.42;0.42;0.423734719;0.423734719
Wurtzen et al. (2012);267;0.22;0;r;0.220625;0.014981273;0.014896514;0.22;0.22;0.22;0.22
