"study";"a1";"a2";"a3";"a4";"a5";"a6";"a7";"yop";"n";"g";"perfemale";"age";"jadad";"d";"r";"z";"zexp";"nnew";"znew";"znewexp";"vz";"newvz"
"Brainstrom et al.";"Branstrom";"Kvillemo";"Brandberg";"Moskowitz";"";"";"";2010;71;0.26;99;52;2;0.262867647;0.130313074;0.131058319;0.131058319;60;0.131724697;0.131724697;0.014705882;0.0175438596491228
"Foley et al.";"Foley";"Baillie";"Huxter";"Price";"Sinclair";"";"";2010;115;0.64;77;55;4;0.644285714;0.30662533;0.316816253;0.316816253;107;0.319539575;0.319539575;0.008928571;0.00961538461538462
"Hoffman et al.";"Hoffman";"Ersser";"Hopkinson";"Nicholls";"";"";"";2012;214;0.39;100;49;4;0.391386256;0.192050316;0.194465137;0.194465137;214;0.156595645;0.156595645;0.004739336;0.004739336492891
"Johns et al.";"Johns";"Brown";"Beck-Coon";"Monahan";"Kroenke";"";"";2012;35;0.3;94;57;4;0.30703125;0.151738029;0.152918946;0.152918946;35;0.438337526;0.438337526;0.03125;0.03125
"Kingston et al.";"Kingston";"Collier";"Hevey";"McCormick";"Besani";"Coobey";"Odwyer";2012;13;0.89;63;50;2;0.95675;0.431539286;0.461786681;0.461786681;13;0.461786681;0.461786681;0.1;0.1
"Lengacher et al.";"Lengacher";"Johnson-Mallard";"Barta";"Fitzgerald";"Moscoso";"Post-White";"Kip";2009;82;0.57;100;58;3;0.575411392;0.276490006;0.283877524;0.283877524;82;0.287147431;0.287147431;0.012658228;0.0126582278481013
"Lerman et al.";"Lerman";"Jarski";"Rea";"Gellish";"Vicini";"";"";2011;68;0.2;100;57;1;0.202307692;0.100640276;0.100982133;0.100982133;68;0.100982133;0.100982133;0.015384615;0.0153846153846154
"Speca et al.";"Speca";"Carlson";"Goodey";"Angen";"";"";"";2000;90;0.42;81;51;3;0.42362069;0.207213174;0.210257727;0.210257727;90;0.207457448;0.207457448;0.011494253;0.0114942528735632
"Wurtzen et al.";"Wurtzen";"Dalton";"Steding-Jensen";"Elsass";"Flyger";"Pedersen";"Johansen";2012;267;0.22;100;54;3;0.220625;0.109647376;0.110089987;0.110089987;258;0.110089987;0.110089987;0.003787879;0.00392156862745098
