"study";"n";"g";"pub";"type";"d";"r";"z";"zexp";"nnew";"znew";"znewexp";"disc";"disccat";"info";"ndisc";"vz";"newvz";"vd"
"Branstrom et al. (2010, 2011)";71;0.26;0;"Random";0.262867647;0.130313073575001;0.131058318696482;0.131058318696482;60;0.131724697;0.131724697;0.000666378;0;0;11;0.0147058823529412;0.0175438596491228;0.0568246436608403
"Foley et al. (2010)";115;0.64;0;"Random";0.644285714;0.30662533001993;0.31681625300678;0.31681625300678;107;0.319539575;0.319539575;0.002723322;0;0;8;0.00892857142857143;0.00961538461538462;0.036587409048976
"Hoffman et al. (2012)";214;0.39;0;"Random";0.391386256;0.192050316159144;0.194465137084711;0.194465137084711;214;0.156595645;0.156595645;-0.037869492;1;1;0;0.004739336492891;0.004739336492891;0.0190494934611815
"Johns et al. (2012)";35;0.3;0;"Random";0.30703125;0.151738028551614;0.152918946472985;0.152918946472985;35;0.438337526;0.438337526;0.28541858;3;1;0;0.03125;0.03125;0.115632402692522
"Lengacher et al. (2009)";82;0.57;0;"Random";0.575411392;0.276490005372743;0.283877523344413;0.283877523344413;82;0.287147431;0.287147431;0.003269907;0;0;0;0.0126582278481013;0.0126582278481013;0.0507993796953864
"Lerman et al. (2011)";68;0.2;0;"Random";0.202307692;0.100640275671791;0.100982132754454;0.100982132754454;68;0.100982133;0.100982133;0;0;2;0;0.0153846153846154;0.0153846153846154;0.0591244735458998
"Speca et al. (2000)";90;0.42;0;"Random";0.42362069;0.207213173966835;0.210257727178376;0.210257727178376;90;0.207457448;0.207457448;-0.002800279;0;0;0;0.0114942528735632;0.0114942528735632;0.045441413827756
"Wurtzen et al. (2012)";267;0.22;0;"Random";0.220625;0.109647376220336;0.110089987001895;0.110089987001895;258;0.110089987;0.110089987;0;0;2;9;0.00378787878787879;0.00392156862745098;0.0150724258251404
