"study";"n";"g";"pub";"type";"d";"vd";"vg"
"Branstrom et al. (2010, 2011)";71;0.26;0;"r";0.262867647058824;0.0563380064154361;0.055115518236557
"Foley et al. (2010)";115;0.64;0;"r";0.644285714285714;0.0347825897086941;0.0343213892011039
"Hoffman et al. (2012)";214;0.39;0;"r";0.391386255924171;0.0186915882007331;0.0185594147446678
"Johns et al. (2012)";35;0.3;0;"r";0.30703125;0.11428521173365;0.109110710858582
"Lengacher et al. (2009)";82;0.57;0;"r";0.575411392405063;0.0487804292192664;0.0478672432476005
"Lerman et al. (2011)";68;0.2;0;"r";0.202307692307692;0.0588235140981042;0.057489186673681
"Speca et al. (2000)";90;0.42;0;"r";0.423620689655172;0.044444422563097;0.0436879355693647
"Wurtzen et al. (2012)";267;0.22;0;"r";0.220625;0.0149812733316175;0.014896513822282
