"study";"n";"r";"pub";"type";"z";"zexp";"nnew";"znew";"znewexp";"disc";"disccat";"info";"ndisc";"vz";"newvz"
"Bogaert & Rushton (1989) ";116;0.29;0;"Outlier";0.298566264;-0.298566264;116;0.298566264;-0.298566264;0;0;0;0;0.008849558;0.00884955752212389
"Bogaert & Rushton (1989) ";100;-0.05;0;"Random";-0.050041729;0.050041729;100;-0.050041729;0.050041729;0;0;0;0;0.010309278;0.0103092783505155
"Gladden, Figuerdo, Jacobs (2008)";192;0.05;0;"Random";0.050041729;-0.050041729;100;0.050041729;-0.050041729;0;0;0;92;0.005291005;0.0103092783505155
"Rushton, Vernon & Bons (2007)";239;0.18;0;"Outlier";0.181982689;-0.181982689;239;0.181982689;-0.181982689;0;0;2;0;0.004237288;0.00423728813559322
"Ruston, Vernon & Bons (2007)";239;0.19;0;"Outlier";0.192337169;-0.192337169;239;0.192337169;-0.192337169;0;0;2;0;0.004237288;0.00423728813559322
"Sefcek (2007) ";194;-0.06;1;"Random";-0.060072156;0.060072156;194;-0.060072156;0.060072156;0;0;0;0;0.005235602;0.00523560209424084
