study;n;r;pub;type;vr;effest;effest.exp;effestnew.exp;effestnew
Bogaert & Rushton (1989) ;116;0.29;0;o;0.007294546;0.29;0.29;0.29;0.29
Bogaert & Rushton (1989) ;100;-0.05;0;r;0.010050568;-0.05;-0.05;-0.05;-0.05
Gladden, Figuerdo, Jacobs (2008);192;0.05;0;r;0.005209457;0.05;0.05;0.05;0.05
Rushton, Vernon & Bons (2007);239;0.18;0;o;0.003933823;0.18;0.18;0.18;0.18
Ruston, Vernon & Bons (2007);239;0.19;0;o;0.003903795;0.19;0.19;0.19;0.19
Sefcek (2007) ;194;-0.06;1;r;0.005144109;-0.06;-0.06;-0.06;-0.06
