"study";"n";"r";"pub";"type";"z";"zexp";"nnew";"znew";"znewexp";"disc";"disccat";"info";"ndisc";"vz";"newvz";"vr"
"Bogaert & Rushton (1989) ";116;0.29;0;"Outlier";0.298566263660178;-0.298566263660178;116;0.298566264;-0.298566264;0;0;0;0;0.00884955752212389;0.00884955752212389;0.00729454617391304
"Bogaert & Rushton (1989) ";100;-0.05;0;"Random";-0.0500417292784913;0.0500417292784913;100;-0.050041729;0.050041729;0;0;0;0;0.0103092783505155;0.0103092783505155;0.0100505681818182
"Gladden, Figuerdo, Jacobs (2008)";192;0.05;0;"Random";0.0500417292784913;-0.0500417292784913;100;0.050041729;-0.050041729;0;0;0;92;0.00529100529100529;0.0103092783505155;0.00520945680628272
"Rushton, Vernon & Bons (2007)";239;0.18;0;"Outlier";0.181982688600706;-0.181982688600706;239;0.181982689;-0.181982689;0;0;2;0;0.00423728813559322;0.00423728813559322;0.0039338225210084
"Ruston, Vernon & Bons (2007)";239;0.19;0;"Outlier";0.192337169219545;-0.192337169219545;239;0.192337169;-0.192337169;0;0;2;0;0.00423728813559322;0.00423728813559322;0.003903795
"Sefcek (2007) ";194;-0.06;1;"Random";-0.0600721559210317;0.0600721559210317;194;-0.060072156;0.060072156;0;0;0;0;0.00523560209424084;0.00523560209424084;0.00514410860103627
