"study";"nc";"nt";"n";"r";"pub";"type";"ncnew";"ntnew";"nnew";"effest.exp";"effestnew.exp";"disccat.eff";"info";"vr.o";"vr.c"
"Bogaert & Rushton (1989) ";NA;NA;116;0.29;0;"o";NA;NA;116;0.29;0.29;0;0;0.00729454617391304;0.00729454617391304
"Bogaert & Rushton (1989) ";NA;NA;100;-0.05;0;"r";NA;NA;100;-0.05;-0.05;0;0;0.0100505681818182;0.0100505681818182
"Gladden, Figuerdo, Jacobs (2008)";NA;NA;192;0.05;0;"r";NA;NA;100;0.05;0.05;0;0;0.00520945680628272;0.0100505681818182
"Rushton, Vernon & Bons (2007)";NA;NA;239;0.18;0;"o";NA;NA;239;0.18;0.18;0;2;0.0039338225210084;0.0039338225210084
"Ruston, Vernon & Bons (2007)";NA;NA;239;0.19;0;"o";NA;NA;239;0.19;0.19;0;2;0.003903795;0.003903795
"Sefcek (2007) ";NA;NA;194;-0.06;1;"r";NA;NA;194;-0.06;-0.06;0;0;0.00514410860103627;0.00514410860103627
