"study";"n";"r";"pub";"type";"vr"
"Bogaert & Rushton (1989) ";116;0.29;0;"o";0.00729454617391304
"Bogaert & Rushton (1989) ";100;-0.05;0;"r";0.0100505681818182
"Gladden, Figuerdo, Jacobs (2008)";192;0.05;0;"r";0.00520945680628272
"Rushton, Vernon & Bons (2007)";239;0.18;0;"o";0.0039338225210084
"Ruston, Vernon & Bons (2007)";239;0.19;0;"o";0.003903795
"Sefcek (2007) ";194;-0.06;1;"r";0.00514410860103627
